"year","avg_coal","stddev_coal","min_coal","max_coal","avg_flaring","stddev_flaring","min_flaring","max_flaring","avg_oil","stddev_oil","min_oil","max_oil","avg_cement","oil_cement","min_cement","max_cement","avg_other_industry","oil_other_industry","min_other_industry","max_other_industry"
1750,"9.306",NULL,"9.306","9.306","0","0","0","0","0","0","0","0","0","0","0","0",NULL,NULL,NULL,NULL
1751,"9.407",NULL,"9.407","9.407","0","0","0","0","0","0","0","0","0","0","0","0",NULL,NULL,NULL,NULL
1752,"9.505",NULL,"9.505","9.505","0","0","0","0","0","0","0","0","0","0","0","0",NULL,NULL,NULL,NULL
1753,"9.61",NULL,"9.61","9.61","0","0","0","0","0","0","0","0","0","0","0","0",NULL,NULL,NULL,NULL
1754,"9.734",NULL,"9.734","9.734","0","0","0","0","0","0","0","0","0","0","0","0",NULL,NULL,NULL,NULL
1755,"9.793",NULL,"9.793","9.793","0","0","0","0","0","0","0","0","0","0","0","0",NULL,NULL,NULL,NULL
1756,"9.91",NULL,"9.91","9.91","0","0","0","0","0","0","0","0","0","0","0","0",NULL,NULL,NULL,NULL
1757,"10.094",NULL,"10.094","10.094","0","0","0","0","0","0","0","0","0","0","0","0",NULL,NULL,NULL,NULL
1758,"10.216",NULL,"10.216","10.216","0","0","0","0","0","0","0","0","0","0","0","0",NULL,NULL,NULL,NULL
1759,"10.339",NULL,"10.339","10.339","0","0","0","0","0","0","0","0","0","0","0","0",NULL,NULL,NULL,NULL
1760,"10.514",NULL,"10.514","10.514","0","0","0","0","0","0","0","0","0","0","0","0",NULL,NULL,NULL,NULL
1761,"10.748",NULL,"10.748","10.748","0","0","0","0","0","0","0","0","0","0","0","0",NULL,NULL,NULL,NULL
1762,"10.952",NULL,"10.952","10.952","0","0","0","0","0","0","0","0","0","0","0","0",NULL,NULL,NULL,NULL
1763,"11.192",NULL,"11.192","11.192","0","0","0","0","0","0","0","0","0","0","0","0",NULL,NULL,NULL,NULL
1764,"11.397",NULL,"11.397","11.397","0","0","0","0","0","0","0","0","0","0","0","0",NULL,NULL,NULL,NULL
1765,"11.643",NULL,"11.643","11.643","0","0","0","0","0","0","0","0","0","0","0","0",NULL,NULL,NULL,NULL
1766,"11.876",NULL,"11.876","11.876","0","0","0","0","0","0","0","0","0","0","0","0",NULL,NULL,NULL,NULL
1767,"12.153",NULL,"12.153","12.153","0","0","0","0","0","0","0","0","0","0","0","0",NULL,NULL,NULL,NULL
1768,"12.467",NULL,"12.467","12.467","0","0","0","0","0","0","0","0","0","0","0","0",NULL,NULL,NULL,NULL
1769,"12.78",NULL,"12.78","12.78","0","0","0","0","0","0","0","0","0","0","0","0",NULL,NULL,NULL,NULL
1770,"13.097",NULL,"13.097","13.097","0","0","0","0","0","0","0","0","0","0","0","0",NULL,NULL,NULL,NULL
1771,"13.369",NULL,"13.369","13.369","0","0","0","0","0","0","0","0","0","0","0","0",NULL,NULL,NULL,NULL
1772,"13.624",NULL,"13.624","13.624","0","0","0","0","0","0","0","0","0","0","0","0",NULL,NULL,NULL,NULL
1773,"13.808",NULL,"13.808","13.808","0","0","0","0","0","0","0","0","0","0","0","0",NULL,NULL,NULL,NULL
1774,"14.012",NULL,"14.012","14.012","0","0","0","0","0","0","0","0","0","0","0","0",NULL,NULL,NULL,NULL
1775,"14.339",NULL,"14.339","14.339","0","0","0","0","0","0","0","0","0","0","0","0",NULL,NULL,NULL,NULL
1776,"14.654",NULL,"14.654","14.654","0","0","0","0","0","0","0","0","0","0","0","0",NULL,NULL,NULL,NULL
1777,"14.96",NULL,"14.96","14.96","0","0","0","0","0","0","0","0","0","0","0","0",NULL,NULL,NULL,NULL
1778,"15.243",NULL,"15.243","15.243","0","0","0","0","0","0","0","0","0","0","0","0",NULL,NULL,NULL,NULL
1779,"15.535",NULL,"15.535","15.535","0","0","0","0","0","0","0","0","0","0","0","0",NULL,NULL,NULL,NULL
1780,"15.879",NULL,"15.879","15.879","0","0","0","0","0","0","0","0","0","0","0","0",NULL,NULL,NULL,NULL
1781,"16.234",NULL,"16.234","16.234","0","0","0","0","0","0","0","0","0","0","0","0",NULL,NULL,NULL,NULL
1782,"16.581",NULL,"16.581","16.581","0","0","0","0","0","0","0","0","0","0","0","0",NULL,NULL,NULL,NULL
1783,"17.063",NULL,"17.063","17.063","0","0","0","0","0","0","0","0","0","0","0","0",NULL,NULL,NULL,NULL
1784,"17.471",NULL,"17.471","17.471","0","0","0","0","0","0","0","0","0","0","0","0",NULL,NULL,NULL,NULL
1785,"8.9825","12.697516469766832","0.004","17.961","0","0","0","0","0","0","0","0","0","0","0","0",NULL,NULL,NULL,NULL
1786,"9.224","13.039049045079935","0.004","18.444","0","0","0","0","0","0","0","0","0","0","0","0",NULL,NULL,NULL,NULL
1787,"9.4295","13.329669932147606","0.004","18.855","0","0","0","0","0","0","0","0","0","0","0","0",NULL,NULL,NULL,NULL
1788,"9.643500000000001","13.63231163449545","0.004","19.283","0","0","0","0","0","0","0","0","0","0","0","0",NULL,NULL,NULL,NULL
1789,"9.932","14.040312247240086","0.004","19.86","0","0","0","0","0","0","0","0","0","0","0","0",NULL,NULL,NULL,NULL
1790,"10.199","14.417907268393702","0.004","20.394","0","0","0","0","0","0","0","0","0","0","0","0",NULL,NULL,NULL,NULL
1791,"10.466000000000001","14.79550228954732","0.004","20.928","0","0","0","0","0","0","0","0","0","0","0","0",NULL,NULL,NULL,NULL
1792,"7.31","12.253867267112046","0.004","21.457","0","0","0","0","0","0","0","0","0","0","0","0",NULL,NULL,NULL,NULL
1793,"7.432666666666667","12.45687381863256","0.004","21.814","0","0","0","0","0","0","0","0","0","0","0","0",NULL,NULL,NULL,NULL
1794,"7.506666666666667","12.616724231484705","0.004","22.073","0","0","0","0","0","0","0","0","0","0","0","0",NULL,NULL,NULL,NULL
1795,"7.438666666666666","12.495534495704188","0.004","21.865","0","0","0","0","0","0","0","0","0","0","0","0",NULL,NULL,NULL,NULL
1796,"7.374","12.308218839458453","0.004","21.583","0","0","0","0","0","0","0","0","0","0","0","0",NULL,NULL,NULL,NULL
1797,"7.363666666666666","12.277502283988111","0.004","21.537","0","0","0","0","0","0","0","0","0","0","0","0",NULL,NULL,NULL,NULL
1798,"7.702000000000001","12.842000584021168","0.004","22.527","0","0","0","0","0","0","0","0","0","0","0","0",NULL,NULL,NULL,NULL
1799,"9.162","15.325753456192617","0.004","26.855","0","0","0","0","0","0","0","0","0","0","0","0",NULL,NULL,NULL,NULL
1800,"6.5598","13.855526143023223","0.004","31.34","0","0","0","0","0","0","0","0","0","0","0","0",NULL,NULL,NULL,NULL
1801,"6.3972","13.607866372065827","0.004","30.737","0","0","0","0","0","0","0","0","0","0","0","0",NULL,NULL,NULL,NULL
1802,"5.758571428571429","11.084234988744791","0.004","30.377","0","0","0","0","0","0","0","0","0","0","0","0",NULL,NULL,NULL,NULL
1803,"5.9078","12.486307208298216","0.004","28.241","0","0","0","0","0","0","0","0","0","0","0","0",NULL,NULL,NULL,NULL
1804,"5.294833333333333","11.046666907563866","0.004","27.79","0","0","0","0","0","0","0","0","0","0","0","0",NULL,NULL,NULL,NULL
1805,"5.208833333333334","11.80620615467419","0","29.295","0","0","0","0","0","0","0","0","0","0","0","0",NULL,NULL,NULL,NULL
1806,"5.450833333333333","12.476841962879334","0.001","30.909","0","0","0","0","0","0","0","0","0","0","0","0",NULL,NULL,NULL,NULL
1807,"5.17157142857143","12.124661890229392","0.001","32.584","0","0","0","0","0","0","0","0","0","0","0","0",NULL,NULL,NULL,NULL
1808,"5.9165","13.61621870784984","0.001","33.702","0","0","0","0","0","0","0","0","0","0","0","0",NULL,NULL,NULL,NULL
1809,"6.055833333333333","13.950281293460236","0.001","34.523","0","0","0","0","0","0","0","0","0","0","0","0",NULL,NULL,NULL,NULL
1810,"5.6417142857142855","13.143132005148619","0.001","35.402","0","0","0","0","0","0","0","0","0","0","0","0",NULL,NULL,NULL,NULL
1811,"5.73957142857143","13.430085788471876","0.002","36.155","0","0","0","0","0","0","0","0","0","0","0","0",NULL,NULL,NULL,NULL
1812,"5.8307142857142855","13.651502880809932","0.002","36.742","0","0","0","0","0","0","0","0","0","0","0","0",NULL,NULL,NULL,NULL
1813,"5.886571428571429","13.896099738861293","0.003","37.36","0","0","0","0","0","0","0","0","0","0","0","0",NULL,NULL,NULL,NULL
1814,"6.032428571428572","14.19422808582351","0.003","38.182","0","0","0","0","0","0","0","0","0","0","0","0",NULL,NULL,NULL,NULL
1815,"6.226857142857142","14.48169314949707","0.003","39.019","0","0","0","0","0","0","0","0","0","0","0","0",NULL,NULL,NULL,NULL
1816,"6.499428571428571","14.484904335861097","0.002","39.265","0","0","0","0","0","0","0","0","0","0","0","0",NULL,NULL,NULL,NULL
1817,"7.039428571428571","15.368292454023024","0.002","41.766","0","0","0","0","0","0","0","0","0","0","0","0",NULL,NULL,NULL,NULL
1818,"7.341714285714285","16.1143273591576","0.002","43.769","0","0","0","0","0","0","0","0","0","0","0","0",NULL,NULL,NULL,NULL
1819,"6.36625","14.978710689794745","0.004","43.316","0","0","0","0","0","0","0","0","0","0","0","0",NULL,NULL,NULL,NULL
1820,"6.3415","14.693957310015959","0.004","42.567","0","0","0","0","0","0","0","0","0","0","0","0",NULL,NULL,NULL,NULL
1821,"6.507375000000001","15.004384387214484","0.003","43.493","0","0","0","0","0","0","0","0","0","0","0","0",NULL,NULL,NULL,NULL
1822,"6.75275","15.546261064044582","0.004","45.074","0","0","0","0","0","0","0","0","0","0","0","0",NULL,NULL,NULL,NULL
1823,"7.044625000000001","16.081809190488666","0.004","46.676","0","0","0","0","0","0","0","0","0","0","0","0",NULL,NULL,NULL,NULL
1824,"7.198","16.59738078303751","0.004","48.137","0","0","0","0","0","0","0","0","0","0","0","0",NULL,NULL,NULL,NULL
1825,"7.591375","17.042994370855137","0.003","49.564","0","0","0","0","0","0","0","0","0","0","0","0",NULL,NULL,NULL,NULL
1826,"7.67275","17.225099500023628","0.004","50.102","0","0","0","0","0","0","0","0","0","0","0","0",NULL,NULL,NULL,NULL
1827,"8.217375","17.84201818290985","0.004","52.048","0","0","0","0","0","0","0","0","0","0","0","0",NULL,NULL,NULL,NULL
1828,"8.33525","18.039261631626882","0.004","52.63","0","0","0","0","0","0","0","0","0","0","0","0",NULL,NULL,NULL,NULL
1829,"7.367444444444445","17.324039750525216","0.004","53.243","0","0","0","0","0","0","0","0","0","0","0","0",NULL,NULL,NULL,NULL
1830,"3.4226153846153844","13.254197050223521","0","67.724","0","0","0","0","0","0","0","0","0","0","0","0",NULL,NULL,NULL,NULL
1831,"3.2019230769230775","12.610370164029531","0","64.486","0","0","0","0","0","0","0","0","0","0","0","0",NULL,NULL,NULL,NULL
1832,"3.2836399999999997","12.472112835174855","0","62.559","0","0","0","0","0","0","0","0","0","0","0","0",NULL,NULL,NULL,NULL
1833,"3.32992","12.355515826005268","0","61.925","0","0","0","0","0","0","0","0","0","0","0","0",NULL,NULL,NULL,NULL
1834,"7.397000000000001","18.598307635618113","0.004","65.802","0","0","0","0","0","0","0","0","0","0","0","0",NULL,NULL,NULL,NULL
1835,"8.116666666666667","20.39395965089723","0.004","72.197","0","0","0","0","0","0","0","0","0","0","0","0",NULL,NULL,NULL,NULL
1836,"8.907916666666667","22.183673486509413","0.004","78.545","0","0","0","0","0","0","0","0","0","0","0","0",NULL,NULL,NULL,NULL
1837,"8.850000000000001","21.222497518178468","0.004","75.254","0","0","0","0","0","0","0","0","0","0","0","0",NULL,NULL,NULL,NULL
1838,"8.820583333333333","20.74115580394047","0.004","73.586","0","0","0","0","0","0","0","0","0","0","0","0",NULL,NULL,NULL,NULL
1839,"8.434846153846154","20.57752804981749","0.004","75.786","0","0","0","0","0","0","0","0","0","0","0","0",NULL,NULL,NULL,NULL
1840,"9.13923076923077","21.91687148125026","0.004","80.791","0","0","0","0","0","0","0","0","0","0","0","0",NULL,NULL,NULL,NULL
1841,"9.397384615384615","22.07618776169798","0.004","81.33","0","0","0","0","0","0","0","0","0","0","0","0",NULL,NULL,NULL,NULL
1842,"9.953076923076924","23.118754455569682","0.004","85.193","0","0","0","0","0","0","0","0","0","0","0","0",NULL,NULL,NULL,NULL
1843,"9.455142857142857","23.25182979683747","0.004","88.57","0","0","0","0","0","0","0","0","0","0","0","0",NULL,NULL,NULL,NULL
1844,"10.138928571428568","24.64446761902709","0.004","93.955","0","0","0","0","0","0","0","0","0","0","0","0",NULL,NULL,NULL,NULL
1845,"11.074071428571429","26.194808262661184","0.004","99.778","0","0","0","0","0","0","0","0","0","0","0","0",NULL,NULL,NULL,NULL
1846,"10.510466666666668","24.264565245484636","0.026","95.494","0","0","0","0","0","0","0","0","0","0","0","0",NULL,NULL,NULL,NULL
1847,"11.3828","25.901987695927893","0.033","101.823","0","0","0","0","0","0","0","0","0","0","0","0",NULL,NULL,NULL,NULL
1848,"12.398571428571428","28.48183753448255","0.04","108.978","0","0","0","0","0","0","0","0","0","0","0","0",NULL,NULL,NULL,NULL
1849,"13.209428571428573","30.69679138009325","0.048","117.35","0","0","0","0","0","0","0","0","0","0","0","0",NULL,NULL,NULL,NULL
1850,"6.7845517241379305","22.954649058502607","0","122.35","0","0","0","0","0","0","0","0","0","0","0","0",NULL,NULL,NULL,NULL
1851,"13.244466666666666","29.693903727067962","0.07","116.411","0","0","0","0","0","0","0","0","0","0","0","0",NULL,NULL,NULL,NULL
1852,"13.827533333333333","29.6504475968785","0.084","115.998","0","0","0","0","0","0","0","0","0","0","0","0",NULL,NULL,NULL,NULL
1853,"14.474600000000002","29.681314491973374","0.103","115.358","0","0","0","0","0","0","0","0","0","0","0","0",NULL,NULL,NULL,NULL
1854,"17.002266666666667","35.631568692596716","0.125","139.012","0","0","0","0","0","0","0","0","0","0","0","0",NULL,NULL,NULL,NULL
1855,"8.967896551724138","25.512606606965377","0.001","130.169","0","0","0","0","0.0012758620689655171","0.006870727512550918","0","0.037","0","0","0","0",NULL,NULL,NULL,NULL
1856,"18.483799999999995","36.361402038032416","0.18","140.081","0","0","0","0","0.0026666666666666666","0.010327955589886445","0","0.04","0","0","0","0",NULL,NULL,NULL,NULL
1857,"18.658666666666665","35.849159090888165","0.216","137.566","0","0","0","0","0.0034","0.0113754120804479","0","0.044","0","0","0","0",NULL,NULL,NULL,NULL
1858,"8.8800625","25.518366230868736","0","134.822","0","0","0","0","0.00196875","0.008645283536088035","0","0.048","0","0","0","0",NULL,NULL,NULL,NULL
1859,"9.419531249999999","28.00521277511809","0","149.699","0","0","0","0","0.0017500000000000003","0.008496678667991205","0","0.048","0","0","0","0",NULL,NULL,NULL,NULL
1860,"8.93737837837838","29.160963849479163","0","167.95","0","0","0","0","0.007513513513513514","0.03382193701465698","0","0.202","0","0","0","0",NULL,NULL,NULL,NULL
1861,"9.374027027027028","30.368824945700194","0","175.044","0","0","0","0","0.025567567567567565","0.1413908178184261","0","0.861","0","0","0","0",NULL,NULL,NULL,NULL
1862,"9.542810810810812","29.748021732394086","0","169.409","0","0","0","0","0.0378918918918919","0.20503113364990638","0","1.249","0","0","0","0",NULL,NULL,NULL,NULL
1863,"10.186081081081081","31.77586365062708","0","180.137","0","0","0","0","0.035054054054054054","0.17502760828984573","0","1.066","0","0","0","0",NULL,NULL,NULL,NULL
1864,"10.989540540540538","34.30143195390812","0","193.859","0","0","0","0","0.030135135135135136","0.14172825370369133","0","0.865","0","0","0","0",NULL,NULL,NULL,NULL
1865,"11.356263157894738","35.8979391877706","0","205.451","0","0","0","0","0.03489473684210526","0.16510271814575936","0","1.022","0","0","0","0",NULL,NULL,NULL,NULL
1866,"11.699605263157892","36.89561648872688","0","211.655","0","0","0","0","0.05192105263157895","0.23741085172708712","0","1.469","0","0","0","0",NULL,NULL,NULL,NULL
1867,"12.530342105263157","38.49011276712172","0","217.319","0","0","0","0","0.052842105263157906","0.22175412806612418","0","1.367","0","0","0","0",NULL,NULL,NULL,NULL
1868,"12.544923076923078","38.093302794022534","0","213.168","0","0","0","0","0.05905128205128206","0.23897819199314632","0","1.491","0","0","0","0",NULL,NULL,NULL,NULL
1869,"13.315923076923077","40.25862080636605","0","223.64","0","0","0","0","0.06761538461538462","0.27697944208195735","0","1.726","0","0","0","0",NULL,NULL,NULL,NULL
1870,"13.254625","40.469335220181975","0","228.41","0","0","0","0","0.0789","0.32383667931813226","0","2.048","0","0","0","0",NULL,NULL,NULL,NULL
1871,"14.089299999999998","42.86213253557779","0","241.93","0","0","0","0","0.082975","0.3213122522742301","0","2.019","0","0","0","0",NULL,NULL,NULL,NULL
1872,"15.58915","46.41464079115334","0","254.912","0","0","0","0","0.0934","0.38208730375701794","0","2.411","0","0","0","0",NULL,NULL,NULL,NULL
1873,"16.519675","48.79052238114488","0","264.46","0","0","0","0","0.14232499999999998","0.608896032871092","0","3.851","0","0","0","0",NULL,NULL,NULL,NULL
1874,"15.44905","46.35554599185047","0","256.931","0","0","0","0","0.15669999999999998","0.6819994435669585","0","4.324","0","0","0","0",NULL,NULL,NULL,NULL
1875,"16.781375","49.551483115110194","0","271.253","0","0","0","0","0.146475","0.5443558407974112","0","3.43","0","0","0","0",NULL,NULL,NULL,NULL
1876,"17.441615384615382","49.90010015790781","0","270.718","0","0","0","0","0.16820512820512823","0.5612531645432848","0","3.484","0","0","0","0",NULL,NULL,NULL,NULL
1877,"17.732307692307693","51.168844198272105","0","275.492","0","0","0","0","0.22679487179487176","0.8302911087300449","0","5.177","0","0","0","0",NULL,NULL,NULL,NULL
1878,"16.973292682926832","49.284472626905476","0","270.612","0","0","0","0","0.24551219512195124","0.9463590788371827","0","6.057","0","0","0","0",NULL,NULL,NULL,NULL
1879,"17.69778571428571","51.22419413811508","0","272.129","0","0","0","0","0.30200000000000005","1.211369553489748","0","7.863","0","0","0","0",NULL,NULL,NULL,NULL
1880,"19.964738095238097","56.41446990175115","0","296.659","0","0","0","0","0.366547619047619","1.5960827382793215","0","10.384","0","0","0","0",NULL,NULL,NULL,NULL
1881,"20.146023255813954","58.849984664596604","0","311.605","0","0","0","0","0.4015348837209302","1.6644441278416446","0","10.915","0","0","0","0",NULL,NULL,NULL,NULL
1882,"21.76740476190476","62.128527935381975","0","314.25","0","0","0","0","0.45149999999999996","1.8452935287690884","0","11.967","0","0","0","0",NULL,NULL,NULL,NULL
1883,"22.694","65.0816678902819","0","326.887","0","0","0","0","0.3844883720930232","1.386085312637426","0","9.006","0","0","0","0",NULL,NULL,NULL,NULL
1884,"22.37768181818182","64.65909249709253","0","318.464","0","0","0","0","0.41690909090909095","1.411929074873654","0","9.116","0","0","0","0",NULL,NULL,NULL,NULL
1885,"19.77892","60.935851814852256","0","314.404","0","0","0","0","0.3795400000000001","1.2308385760968672","0","8.134","0","0","0","0",NULL,NULL,NULL,NULL
1886,"22.679568181818187","65.1126537798227","0","311.576","0","0","0","0","0.49640909090909086","1.6708367673627629","0","10.725","0","0","0","0",NULL,NULL,NULL,NULL
1887,"23.18808888888889","67.04783875908787","0","319.515","0","0","0","0","0.5220888888888889","1.7027725495660175","0","10.768","5.882352941176471e-05","0.00024253562503633296","0","0.001",NULL,NULL,NULL,NULL
1888,"25.064847826086954","74.08756652261563","0","346.574","0","0","0","0","0.5346521739130434","1.674292782273443","0","10.527","5.882352941176471e-05","0.00024253562503633296","0","0.001",NULL,NULL,NULL,NULL
1889,"25.08639130434783","72.451674902955","0","343.789","0","0","0","0","0.6179347826086957","2.0843138215641344","0","13.538","5.555555555555556e-05","0.00023570226039551585","0","0.001",NULL,NULL,NULL,NULL
1890,"23.660566037735848","74.62610951977905","0","372.27","0","0","0","0","0.6541509433962265","2.5391104847369315","0","17.789","5.2631578947368424e-05","0.00022941573387056174","0","0.001",NULL,NULL,NULL,NULL
1891,"24.29548148148148","77.384509357857","0","397.225","0","0","0","0","0.7564074074074075","3.011396676642757","0","21.251","5.2631578947368424e-05","0.00022941573387056174","0","0.001",NULL,NULL,NULL,NULL
1892,"23.649964285714283","77.58243592486036","0","423.045","0","0","0","0","0.7182678571428571","2.768524966581377","0","19.628","5.2631578947368424e-05","0.00022941573387056174","0","0.001",NULL,NULL,NULL,NULL
1893,"23.314732142857146","75.54855761874217","0","428.105","0","0","0","0","0.7601071428571429","2.719237210412785","0","18.701","5.2631578947368424e-05","0.00022941573387056174","0","0.001",NULL,NULL,NULL,NULL
1894,"24.189232142857147","76.78338087751473","0","399.376","0","0","0","0","0.7451071428571427","2.7166699580624365","0","18.976","5.2631578947368424e-05","0.00022941573387056174","0","0.001",NULL,NULL,NULL,NULL
1895,"25.11978947368421","81.64006941375942","0","452.372","0","0","0","0","0.8518421052631577","3.032688545483986","0","20.533","5.2631578947368424e-05","0.00022941573387056174","0","0.001",NULL,NULL,NULL,NULL
1896,"25.464293103448274","82.44001084999731","0","450.196","0","0","0","0","0.9066896551724137","3.3925635869457267","0","23.838","5e-05","0.00022360679774997898","0","0.001",NULL,NULL,NULL,NULL
1897,"26.661879310344823","85.83312196391843","0","469.465","0","0","0","0","0.9578275862068966","3.4361614096124558","0","23.534","5e-05","0.00022360679774997898","0","0.001",NULL,NULL,NULL,NULL
1898,"28.12948275862069","90.73610663535108","0","515.353","0","0","0","0","0.986189655172414","3.3089940563794107","0","21.508","5e-05","0.00022360679774997898","0","0.001",NULL,NULL,NULL,NULL
1899,"30.736879310344833","100.89952656733081","0","592.451","0","0","0","0","1.0356034482758618","3.447801241572868","0","22.178","5e-05","0.00022360679774997898","0","0.001",NULL,NULL,NULL,NULL
1900,"32.29856896551724","105.80403927140155","0","626.544","0","0","0","0","1.1610862068965515","3.8889395807357863","0","24.651","5e-05","0.00022360679774997898","0","0.001",NULL,NULL,NULL,NULL
1901,"32.69661016949152","109.76405835842135","0","681.541","0","0","0","0","1.2674915254237284","4.270512940090296","0","27.125","0.0001","0.00044721359549995795","0","0.002",NULL,NULL,NULL,NULL
1902,"33.443169491525424","113.79973968641104","0","715.931","0","0","0","0","1.370237288135593","5.055174918829707","0","34.87","0.0001","0.00044721359549995795","0","0.002",NULL,NULL,NULL,NULL
1903,"35.89946666666667","127.26683268661799","0","840.042","0","0","0","0","1.4267499999999997","5.503520625510885","0","39.839","0.00014285714285714287","0.000654653670707977","0","0.003",NULL,NULL,NULL,NULL
1904,"35.51831147540983","124.50508591359377","0","818.27","0","0","0","0","1.5758852459016393","6.316576327669814","0","46.789","0.00013636363636363637","0.0006396021490668312","0","0.003","1.834",NULL,"1.834","1.834"
1905,"37.275516129032255","134.987006020524","0","913.479","0","0","0","0","1.5658870967741936","6.974003617897952","0","53.853","0.00017391304347826088","0.000834057656228299","0","0.004","1.98",NULL,"1.98","1.98"
1906,"39.60026229508197","141.4870537817155","0","964.05","0","0","0","0","1.6059344262295083","6.638830930891503","0","50.274","0.00018181818181818183","0.0008528028654224418","0","0.004","2.127",NULL,"2.127","2.127"
1907,"44.30435483870968","160.8651868625746","0","1115.249","0","0","0","0","1.9275967741935482","8.62235441670096","0","66.688","0.0002380952380952381","0.001091089451179962","0","0.005","2.054",NULL,"2.054","2.054"
1908,"41.68150793650794","142.7934940076022","0","959.763","0","0","0","0","2.0456984126984126","9.158499524300383","0","71.547","0.005043478260869565","0.02312117931261994","0","0.111","1.834",NULL,"1.834","1.834"
1909,"42.000784615384596","151.9736567823405","0","1066.609","0","0","0","0","2.0686615384615386","9.261323822551173","0","73.236","0.00464","0.02198272048678234","0","0.11","2.347",NULL,"2.347","2.347"
1910,"43.37119696969697","160.94230056783798","0","1160.396","0","0","0","0","2.184681818181818","10.476750035063487","0","83.931","0.005192307692307692","0.02508548461683646","0","0.128","2.347",NULL,"2.347","2.347"
1911,"43.91571212121212","160.15646630791693","0","1143.128","0","0","0","0","2.3171060606060605","10.976046053010567","0","88.17","0.00592","0.02817640857171119","0","0.141","2.274",NULL,"2.274","2.274"
1912,"46.17906060606062","169.45637428234838","0","1224.395","0","0","0","0","2.3834696969696965","11.122837871445048","0","89.321","0.00676923076923077","0.0331171347701551","0","0.169","2.347",NULL,"2.347","2.347"
1913,"47.70895652173912","177.40518167066318","0","1304.578","0","0","0","0","2.6397391304347826","12.997359845767066","0","107.077","0.007214285714285715","0.03663772306411455","0","0.194","2.421",NULL,"2.421","2.421"
1914,"47.0104126984127","168.13199164142083","0","1172.136","0","0","0","0","2.9546031746031747","14.524902669752944","0","114.617","0.00525","0.0262560398695163","0","0.139","2.274",NULL,"2.274","2.274"
1915,"45.355374999999995","170.1645603868992","0","1213.597","0","0","0","0","3.0884531249999996","15.248390882506401","0","120.93","0.005551724137931035","0.028397165611700144","0","0.153","2.421",NULL,"2.421","2.421"
1916,"47.41337878787879","184.28160492553573","0","1345.443","0","0","0","0","3.2621363636363636","16.64205185933547","0","133.981","0.006033333333333333","0.03156873544301805","0","0.173","2.714",NULL,"2.714","2.714"
1917,"50.120107692307684","201.45122485566475","0","1481.645","0","0","0","0","3.684184615384615","18.589993618789507","0","147.941","0.005103448275862069","0.025986734016178063","0","0.14","2.494",NULL,"2.494","2.494"
1918,"47.901999999999994","204.13119005953308","0","1551.136","0","0","0","0","3.657641791044776","19.72856261309559","0","159.19","0.003838709677419355","0.02028808644532311","0","0.113","2.127",NULL,"2.127","2.127"
1919,"37.712555555555554","162.37439545040405","0","1261.251","0","0","0","0","3.797638888888889","21.530446941519006","0","179.217","0.0041333333333333335","0.02135534066018718","0","0.117","2.201",NULL,"2.201","2.201"
1920,"42.242081081081075","184.0005314715193","0","1465.534","0","0","0","0","4.747756756756758","28.017192275610267","0","230.645","0.004806451612903226","0.025142817867585585","0","0.14","2.347",NULL,"2.347","2.347"
1921,"35.578400000000016","146.12179218784988","0","1142.651","0","0","0","0","5.1320933333333345","30.04857128463728","0","246.36","0.0040625","0.021397825484938206","0","0.121","1.687",NULL,"1.687","1.687"
1922,"37.95408219178083","147.8223475208552","0","1112.892","0","0","0","0","5.848630136986301","34.27777685830008","0","282.488","0.0064333333333333334","0.03339800049077203","0","0.183","2.421",NULL,"2.421","2.421"
1923,"43.10139726027397","187.0907330469586","0","1509.469","0","0","0","0","6.498452054794522","39.78570196518157","0","334.413","0.006933333333333334","0.035776059547993955","0","0.196","2.714",NULL,"2.714","2.714"
1924,"42.602810810810816","169.12946676248046","0","1313.207","0","0","0","0","6.377972972972974","38.41791924972918","0","325.557","0.006967741935483872","0.03645680903111492","0","0.203","2.714",NULL,"2.714","2.714"
1925,"42.58625675675676","171.2235139369175","0","1340.481","0","0","0","0","6.678581081081083","39.998689143591506","0","341.244","0.46541935483870966","2.5504551851802657","0","14.206","3.081",NULL,"3.081","3.081"
1926,"39.50888461538461","175.30430052925524","0","1477.933","0","0","0","0","6.313435897435899","39.24812091079399","0","345.266","0.4211714285714286","2.4511148302199897","0","14.506","3.007",NULL,"3.007","3.007"
1927,"42.0181125","169.98133923351733","0","1376.693","0","0","0","0","6.753449999999999","44.315461215092064","0","396.207","0.4174864864864865","2.4755156996026058","0","15.066","2.934",NULL,"2.934","2.934"
1928,"39.34815476190476","161.31205411046383","0","1330.158","0","0","0","0","6.5759404761904765","44.1044540065205","0","404.402","0.3785744680851064","1.6687684241783398","0","15.417","2.934",NULL,"2.934","2.934"
1929,"41.93039285714285","170.66028911593042","0","1404.59","0","0","0","0","7.215749999999999","48.58440829792659","0","445.598","0.3923085106382979","1.6406528599992032","0","14.996","2.861",NULL,"2.861","2.861"
1930,"37.811705882352946","150.64656644324376","0","1238.166","0","0","0","0","6.85355294117647","42.74315092210844","0","393.407","0.3743368421052632","1.5428148122522078","0","14.286","2.274",NULL,"2.274","2.274"
1931,"32.164170454545456","124.39930363945815","0","1021.482","0","0","0","0","6.407306818181818","39.254532857917006","0","366.621","0.31526530612244896","1.183621531101483","0","10.809","1.834",NULL,"1.834","1.834"
1932,"28.312337078651687","104.70502643931576","0","834.233","0","0","0","0","6.061123595505616","35.98542151338392","0","337.65","0.24946464646464644","0.7862698725710429","0","6.656","1.32",NULL,"1.32","1.32"
1933,"28.03661702127659","107.46541438944328","0","889.861","0","0","0","0","6.274202127659574","38.729921543215795","0","373.787","0.23144660194174765","0.7092543547753173","0","5.587","1.54",NULL,"1.54","1.54"
1934,"30.946182795698924","117.21659424561997","0","963.92","0","0","0","0","6.711408602150538","39.1324695906866","0","374.993","0.2795686274509803","0.8657403688940183","0","6.9","1.614",NULL,"1.614","1.614"
1935,"32.221225806451606","120.57187034802189","0","982.156","0","0","0","0","7.234473118279569","42.25070905517481","0","405.206","0.31436274509803935","0.9196068659515658","0","6.684","1.98",NULL,"1.98","1.98"
1936,"34.94459574468085","136.7442696911344","0","1143.798","0","0","0","0","7.807946808510637","46.4900038769735","0","448.356","0.37973529411764695","1.2359212055251518","0","9.95","2.494",NULL,"2.494","2.494"
1937,"36.844191489361705","140.0521646234944","0","1144.951","0","0","0","0","8.795382978723403","53.18185897932594","0","513.635","0.39999019607843145","1.2947195307360078","0","10.368","2.714",NULL,"2.714","2.714"
1938,"34.336765957446815","121.42892651014832","0","906.794","0","0","0","0","8.542691489361701","50.00797457654013","0","482.196","0.3776470588235294","1.2848435713782655","0","9.239","2.201",NULL,"2.201","2.201"
1939,"35.780468750000004","131.96459157699545","0","1024.988","0","0","0","0","8.713041666666665","52.10350958780672","0","508.158","0.3462233009708737","1.299960526791659","0","10.792","2.861",NULL,"2.861","2.861"
1940,"39.93446315789474","146.36599372244112","0","1168.882","0","0","0","0","9.256442105263158","57.39549712816936","0","557.62","0.3081274509803921","1.289420774646689","0","11.549","3.227",NULL,"3.227","3.227"
1941,"41.76379569892472","158.1952843831869","0","1294.762","0","0","0","0","9.526806451612904","61.224648737653766","0","588.735","0.42031067961165053","1.5913219318438303","0","14.52","4.034",NULL,"4.034","4.034"
1942,"43.44112222222221","175.21471605637245","0","1458.597","0","0","0","0","9.349199999999998","59.80401330078859","0","565.693","0.4568809523809524","1.8361857362331488","0","16.085","4.034",NULL,"4.034","4.034"
1943,"40.05363265306122","169.54183074826082","0","1470.803","0","0","0","0","9.126979591836733","62.04357996842662","0","612.936","0.3820989010989011","1.3949294530544472","0","12.041","4.328",NULL,"4.328","4.328"
1944,"39.87662886597938","173.9673986883222","0","1545.85","0","0","0","0","10.569876288659794","71.32965878117393","0","700.12","0.2518444444444444","0.8970053036947047","0","8.032","4.328",NULL,"4.328","4.328"
1945,"30.59216326530612","150.45976845194284","0","1421.423","0","0","0","0","10.361285714285716","73.56622114087725","0","727.377","0.21684905660377365","0.9165597561113576","0","9.114","3.961",NULL,"3.961","3.961"
1946,"32.340469999999996","140.37480333285055","0","1298.758","0","0","0","0","11.479160000000002","74.16383974724442","0","737.018","0.33619444444444435","1.451785471512906","0","14.653","3.961",NULL,"3.961","3.961"
1947,"34.4874380952381","152.64387791869098","0","1449.231","0","0","0","0","11.704323809523808","77.42006925998622","0","791.342","0.3817787610619469","1.6154646817916842","0","16.647","4.548",NULL,"4.548","4.548"
1948,"34.94471028037383","151.26407982898522","0","1433.19","0","0","0","0","12.609355140186915","84.77266668903839","0","874.345","0.44900869565217394","1.8035761089084865","0","18.417","4.841",NULL,"4.841","4.841"
1949,"32.23455454545455","121.23586570757011","0","1063.102","0","0","0","0","11.566536363636363","77.71496159445172","0","813.723","0.4973504273504274","1.8680973370316696","0","18.788","4.181",NULL,"4.181","4.181"
1950,"22.285173410404624","111.96657778828875","0","1257.232","0.4255722543352601","3.894787642617524","0","43.122","8.362150289017343","68.47145537919232","0","896.801","0.40543030303030314","1.7321443717790628","0","20.125","4.988",NULL,"4.988","4.988"
1951,"23.194697142857137","111.74091998187707","0","1211.599","0.45643428571428574","4.097526198603618","0","42.7","9.094377142857146","72.98883484184134","0","960.662","0.4536946107784432","1.8987134696711192","0","22.041","5.501",NULL,"5.501","5.501"
1952,"22.773249999999997","104.33575072869318","0","1074.173","0.48502272727272727","4.368024623105042","0","45.683","9.570011363636363","75.87718193923567","0","1000.967","0.48062499999999997","1.9419073859632652","0","22.256","5.355",NULL,"5.355","5.355"
1953,"22.970005681818183","104.65427290188786","0","1065.955","0.4622045454545454","4.102586537878174","0","43.62","10.192142045454544","79.64338948952202","0","1050.079","0.5330238095238095","2.090263545118765","0","23.521","6.455",NULL,"6.455","6.455"
1954,"22.816197740112997","98.25427307079781","0","913.446","0.43848587570621467","3.919360827567981","0","38.952","10.769423728813557","80.53984866995752","0","1063.212","0.5781785714285715","2.1820207338362665","0","24.131","5.721",NULL,"5.721","5.721"
1955,"24.15267403314917","107.08872090477566","0","1026.222","0.535011049723757","4.196640796834417","0","41.645","11.747475138121548","86.11372243251422","0","1147.903","0.6246337209302325","2.3792852088014085","0","26.584","6.968",NULL,"6.968","6.968"
1956,"25.3922320441989","111.79804012365467","0","1068.358","0.597646408839779","4.683272880612307","0","46.529","12.759110497237572","90.49433403251125","0","1203.787","0.6772558139534883","2.5495546965207074","0","28.39","7.042",NULL,"7.042","7.042"
1957,"25.717917582417588","110.76077227567379","0","1024.081","0.584543956043956","4.6068864949784905","0","43.558","13.178109890109894","89.7875325907121","0","1193.662","0.7078092485549132","2.5068358944642615","0","27.006","6.822",NULL,"6.822","6.822"
1958,"26.117153846153847","107.79961043287197","0","888.344","0.5226043956043956","3.9102903394460498","0","38.535","13.837890109890107","92.01840330556158","0","1220.046","0.7327231638418079","2.575185231019831","0","27.758","6.161",NULL,"6.161","6.161"
1959,"26.59690860215053","112.12049285269909","0","910.978","0.49297849462365595","3.5936644611029673","0","35.682","14.38504278074866","93.95986887180486","0","1258.457","0.7851027027027025","2.79951752350201","0","30.234","8.289",NULL,"8.289","8.289"
1960,"27.698639784946216","116.10364157933658","0","917.964","0.479247311827957","3.3988450094062395","0","31.804","15.438513368983955","96.18676180516212","0","1281.631","0.8507675675675677","2.8810024004764583","0","28.798","13.7535","7.313605437812461","8.582","18.925"
1961,"26.413577540106942","107.96751149875845","0","887.443","0.46106417112299464","3.1938263003363447","0","29.363","16.22037234042553","97.59663292183191","0","1297.316","0.8824946236559144","2.9708616299476596","0","28.699","14.6095","8.213045263481751","8.802","20.417"
1962,"26.055666666666674","107.08364256162544","0","920.818","0.45466137566137566","3.222928495460501","0","34.184","17.305236842105256","100.51764615563019","0.004","1334.748","0.9380904255319148","3.164343163261706","0","29.878","15.1385","8.442147860586191","9.169","21.108"
1963,"26.864684210526317","111.55336538312889","0","987.008","0.4763578947368421","3.0136982709055387","0","30.246","18.428345549738214","102.94885685158623","0","1359.256","0.9840317460317464","3.3150240057292644","0","31.435","15.875499999999999","8.758931698557761","9.682","22.069"
1964,"26.992772020725383","113.76447331072431","0","1049.177","0.5844145077720208","3.3142628224772843","0","31.168","19.550479381443296","105.63986991545124","0","1393.919","1.0737499999999998","3.5568396408000313","0","33.026","17.490000000000002","9.589782166451961","10.709","24.271"
1965,"27.38709844559585","115.58482137629154","0","1090.619","0.6758756476683939","3.5792874851180403","0","32.084","21.069061855670103","111.48356866900838","0","1464.691","1.1271354166666663","3.6561136337691003","0","33.295","17.266","8.650744361036221","11.149","23.383"
1966,"27.702792746113982","117.60523445810735","0","1132.718","0.7490466321243525","3.943842223287986","0","33.667","22.733896907216476","117.06834142486427","0","1529.661","1.2134583333333337","3.9042735329692686","0","34.573","18.110500000000002","8.60053977957198","12.029","24.192"
1967,"27.24954404145077","116.57729860344351","0","1163.049","0.9885077720207253","4.686437438590715","0","35.973","24.230881443298966","122.61842258999","0","1589.194","1.249234375","3.9683641785603903","0","33.594","18.6","9.396034908406847","11.956","25.244"
1968,"27.40952061855669","115.85881452304827","0","1139.603","1.0505051546391753","5.0880583379352435","0","41.044","26.318958974358967","130.64562612536645","0","1689.423","1.3227875647668395","4.184484593592289","0","35.32","19.2965","9.758780687155545","12.396","26.197"
1969,"28.43363917525774","119.7789134042132","0","1158","1.2579072164948453","5.526247080005931","0","42.865","28.533610256410263","138.88866478661296","0","1781.627","1.4026735751295336","4.3472590541071785","0","35.697","20.854","10.509020981994468","13.423","28.285"
1970,"28.916614213197956","122.42802296769717","0","1168.091","1.4098629441624366","5.471391649119869","0","36.312","32.126308080808066","157.87736962881908","0","2038.082","1.4787692307692306","4.537388351763432","0","34.924","22.175","12.791561671664645","13.13","31.22"
1971,"28.77919696969697","121.25650745468555","0","1107.406","1.623454545454546","5.723100034556236","0","41.407","33.85220100502513","163.2422326817389","0","2097.305","1.5472397959183666","4.681003973907894","0","35.51","22.3305","13.116123684229272","13.056","31.605"
1972,"28.592261306532663","122.23034766139841","0","1124.841","1.7431708542713569","6.455678972103819","0","52.048","36.31642999999999","176.38075476833734","0","2269.174","1.6316091370558385","4.918482870714091","0","36.523","24.036","14.905810947412423","13.496","34.576"
1973,"29.45500502512563","127.63854864953052","0","1220.645","2.0209246231155777","7.962354674274193","0","73.082","38.48219499999998","182.01763116893025","0","2325.412","1.7285025380710657","5.2027992501136655","0","38.192","25.813499999999998","16.589432193417586","14.083","37.544"
1974,"29.447376884422113","126.49705085460606","0","1199.284","1.9666783919597994","8.089424626945712","0","75.185","38.078105","175.7549755052992","0","2227.518","1.7309340101522843","5.104596965912063","0","36.806","26.194000000000003","16.711761666562865","14.377","38.011"
1975,"30.325040201005034","130.56420496847088","0","1195.032","1.6919798994974877","6.419841106123792","0","56.107","37.93976500000003","172.99843806571104","0","2190.401","1.721015228426395","4.8555897900204235","0","34.726","23.5845","15.303912065220446","12.763","34.406"
1976,"31.45748241206029","136.35358369579183","0","1281.173","1.987020100502513","7.854647563903125","0","71.967","40.49391499999999","184.90527463595726","0","2350.634","1.7971928934010157","5.038559846816273","0","35.141","25.008000000000003","16.280426530039072","13.496","36.52"
1977,"32.22321608040201","140.8338883846998","0","1315.721","1.9169396984924618","7.531018466838368","0","71.943","41.94402500000001","193.71797627581276","0","2478.369","1.8820203045685275","5.271875917874316","0","35.725","24.8455","16.361743809875524","13.276","36.415"
1978,"32.77122110552763","144.91777380604614","0","1314.183","1.9606884422110553","7.273674573517254","0","62.621","43.49618000000001","197.98911960579804","0","2524.703","2.002888324873096","5.630539276897864","0","40.74","25.538","16.925307914481202","13.57","37.506"
1979,"34.31319095477387","152.1188067619534","0","1427.458","1.8098040201005028","7.059377478977225","0","65.131","44.072939999999996","193.50992994755575","0","2441.955","2.0292081218274114","5.724369434335106","0","41.985","26.2315","17.38846285615839","13.936","38.527"
1980,"35.21848743718592","154.25128318051998","0","1453.794","1.5901909547738693","6.728319318540177","0","73.8","42.510024999999985","180.3016874290231","0","2244.48","2.0432487309644674","5.6959454657713975","0","41.901","24.101","16.242242763854996","12.616","35.586"
1981,"34.77105472636814","153.6021556478033","0","1502.932","1.1799850746268659","4.636346590234181","0","49.208","40.271445544554446","169.12525719743638","0","2101.662","2.023206030150753","5.596610092551049","0","40.261","23.336","15.263606978692813","12.543","34.129"
1982,"35.37911940298506","155.9841802852638","0","1449.085","1.1720547263681595","4.386693535225598","0","41.111","39.446777227722755","161.9559362866408","0","1994.492","2.0138090452261297","5.528450404267275","0","38.87","22.506999999999998","18.551653511210258","9.389","35.625"
1983,"36.30646766169158","161.38913990811216","0","1504.796","1.0589353233830845","3.735886568245351","0","31.392","39.10166831683169","160.52089603253665","0","1978.102","2.058336683417084","5.774629543604486","0","44.126","24.134","20.12708741969389","9.902","38.366"
1984,"38.25326499999999","172.59093283693207","0","1616.103","0.9337599999999999","2.910467712227642","0","26.205","39.62396517412935","164.1530854762523","0","2034.553","2.107853535353536","6.012937692946053","0","50.066","26.118","21.999506176275865","10.562","41.674"
1985,"41.00971","183.29873521564235","0","1655.025","0.9072449999999997","2.9821922587781935","0","26.929","39.57737810945274","163.0601675994365","0","2023.868","2.133616161616162","6.295969543407445","0","59.301","27.636499999999998","24.35346465084588","10.416","44.857"
1986,"41.60319","186.33328037257843","0","1657.391","0.8483449999999999","2.8314591007413217","0","26.769","40.68691044776121","169.2725933056558","0","2112.125","2.2226313131313122","6.751164968876413","0","67.362","29.8245","28.589034270153302","9.609","50.04"
1987,"42.77844278606965","194.26063754321916","0","1770.269","0.8110099502487564","2.5619898692033303","0","23.578","40.17845544554455","168.8349620296187","0","2143.159","2.317722222222222","7.192343999822863","0","75.429","37.203","37.779301105234865","10.489","63.917"
1988,"44.24346268656717","203.82423628479484","0","1892.698","0.9229552238805969","3.131602911127954","0","28.352","41.6598910891089","176.07423092039048","0","2241.183","2.4405050505050503","7.815155151245907","0","84.961","44.5815","46.969567940316416","11.369","77.794"
1989,"44.23727363184081","204.86139113554256","0","1920.239","0.7496766169154228","2.4299950946247804","0","22.41","42.335450495049486","176.72258744893588","0","2239.805","2.490383838383839","7.891518141190095","0","84.886","43.355","45.13038320245021","11.443","75.267"
1990,"41.635421052631585","200.96172225691654","0","1976.684","1.238311004784689","4.587531952720774","0","46.339","41.60882775119616","174.74366926075055","0.004","2178.912","2.505725888324873","7.9314521533710405","0","84.513","4.848369565217392","11.12673133665787","0","64.065"
1991,"41.02186666666667","201.76431980666044","0","2049.92","1.3048142857142855","4.8611268791015085","0","45.348","43.64188095238095","173.00847535516235","0.004","2119.828","2.5891683673469386","8.91480824058369","0","101.305","4.6869130434782615","11.460913653371984","0","68.066"
1992,"39.667448113207534","201.7993520794349","0","2114.715","1.141424528301887","4.337309659176422","0","45.015","40.83353773584905","168.75965968772869","0.004","2171.389","2.6560150753768847","10.07392302010111","0","122.445","4.6993913043478255","12.433883590108408","0","77.596"
1993,"40.14746226415095","209.73320353312855","0","2228.745","1.1042452830188676","4.099627197965678","0","44.013","40.85050471698114","168.52786705435685","0.004","2179.57","2.7564149999999996","11.31698396362475","0","142.774","4.698630434782608","13.211498093804833","0","85.855"
1994,"40.18367605633803","216.78222314026385","0","2380.586","1.4711308411214945","5.157896287659884","0","45.527","40.69866666666665","170.50145119336673","0.004","2226.839","2.9130148514851486","12.684648166552787","0","164.377","4.703978260869567","13.64425676407335","0","89.76"
1995,"41.32944600938966","227.6884123249776","0","2569.754","1.525579439252336","5.357166984889347","0","50.927","40.941920187793414","170.3248016572826","0.004","2218.052","3.080638613861387","14.043537191493094","0","184.637","4.859826086956523","14.160112878244922","0","92.852"
1996,"42.36795305164319","235.8494910404619","0","2660.401","1.638135514018691","5.86264159446216","0","61.101","42.02765727699532","176.27651482331567","0.004","2305.573","3.1441039603960386","14.614621833540449","0","192.853","4.8264130434782615","14.446252768376514","0","94.887"
1997,"42.14899530516432","234.62367274437875","0","2609.556","1.64926168224299","5.579418296932026","0","54.773","42.54919718309859","177.8017576327917","0.004","2326.319","3.2714900990098994","15.319996965966244","0","202.874","4.863717391304349","14.522783183923336","0","95.62"
1998,"41.013816901408475","226.73742939025163","0","2444.771","1.5732570093457943","5.171417519306306","0","48.747","42.942","180.25695320982922","0.003","2370.752","3.259153465346536","15.778943589077075","0","211.369","4.794760869565218","14.382999163649632","0","94.553"
1999,"41.6091971830986","234.0720982281383","0","2580.992","1.542654205607477","5.011767488963644","0","45.405","43.95017840375587","185.36405745860012","0.004","2433.326","3.418351485148515","16.991272102228347","0","228.322","4.766369565217392","14.080190324406045","0","92.205"
2000,"43.22629577464788","239.88283164908415","0","2601.737","1.6225934579439254","5.348258117395387","0","51.11","44.57035211267604","189.10815023400585","0.004","2487.797","3.5892039800995033","18.147994003833695","0","244.388","4.702608695652174","13.653414395069031","0","89.857"
2001,"43.470948356807526","239.42458670275502","0","2637.655","1.5693738317757004","5.240787828320437","0","50.407","44.96317370892018","190.17476890370648","0.004","2502.393","3.73240594059406","19.8858764819729","0","270.828","4.637913043478261","13.473949861906105","0","88.79"
2002,"45.25266355140186","259.1041744226049","0","3018.634","1.517420560747664","5.025692973099029","0","39.501","44.571509345794404","189.28548769266283","0.004","2495.597","3.8516600985221667","20.681355147579932","0","282.688","4.7020869565217405","13.6627345982926","0","90.156"
2003,"49.172056074766374","293.4659942877093","0","3601.712","1.6102850467289722","5.322238397222033","0","44.806","45.73136915887853","194.06878617334974","0.004","2557.467","4.257465346534652","25.54496754075051","0","353.679","4.8051304347826065","13.982192537666844","0","92.704"
2004,"50.825121495327124","308.0723382913572","0","3835.288","1.6011869158878502","5.401645984806865","0","42.545","47.22958878504674","200.75166244780593","0.004","2630.825","4.4475891089108925","26.61851342766882","0","368.396","5.0343913043478254","14.769543126129168","0","97.86"
2005,"53.98943925233648","343.85878483002693","0","4424.39","1.6261168224299067","5.426962394936387","0","41.53","47.521859813084134","201.67890607459438","0.004","2642.692","4.747679802955665","29.55132353841725","0","411.649","5.266804347826087","15.862581763550155","0","105.387"
2006,"57.00572897196264","372.6193198346399","0","4905.374","1.6240607476635516","5.3413060104904","0","42.157","47.753612149532714","200.3512394048164","0.004","2609.708","5.178192118226597","33.61406856249765","0","470.087","5.499173913043477","16.73002952020288","0","111.056"
2007,"59.759728971962616","397.60879535906145","0","5289.904","1.6042429906542055","5.4953002017065025","0","50.868","47.66237850467291","199.71555470658137","0.004","2592.216","5.561556650246307","36.74655008728467","0","514.981","5.644021739130435","17.521341799821826","0","116.861"
2008,"61.963840375586834","425.6819856072611","0","5729.474","1.5716525821596248","5.025504336040482","0","42.054","47.628615023474175","190.4397280420213","0.007","2414.708","5.631364532019702","37.504232213391106","0","525.924","5.651217391304345","18.173976782339743","0","121.642"
2009,"61.15894366197187","439.3684133523922","0","6028.5","1.5513192488262906","5.059855409547191","0","41.082","46.69040375586853","182.3064437191535","0.004","2280.345","5.732917073170729","41.29438950292836","0","583.56","5.3050434782608695","18.945201639297032","0","127.721"
2010,"65.41856338028165","476.8120841807046","0","6568.793","1.602981220657276","5.52292765366071","0","47.87","48.11561971830987","186.853294347214","0.004","2300.574","6.061468599033816","44.99820259784418","0","639.592","5.351391304347826","17.45968597207516","0","116.11"
2011,"69.13083568075118","523.4854573213561","0","7309.786","1.6878450704225347","5.814781928570236","0","51.561","48.067840375586876","185.49904760232772","0.007","2252.414","6.485735576923076","49.670060734164004","0","708.564","5.980021739130435","20.869600232011187","0","140.357"
2012,"69.9084460093897","531.7868453659661","0","7464.806","1.7714366197183098","6.081282771206224","0","52.928","48.82602347417843","185.12274730173465","0.007","2196.025","6.653802884615383","50.19390752687054","0","714.782","6.015391304347824","21.10761121120716","0","141.722"
2013,"70.3424647887324","535.2440239956638","0","7493.454","1.8099906103286385","6.236359077029421","0","57.423","49.1536572769953","188.149487696518","0.007","2224.627","6.936163461538458","52.57428970883596","0","748.323","6.403130434782608","23.18866169355542","0","156.217"
2014,"70.42599061032864","532.0297057755007","0","7425.067","1.8170610328638508","6.237099504368156","0","63.124","49.29365727699531","189.73887642544057","0.011","2247.931","7.208245192307692","54.73030171971367","0","778.627","6.638869565217391","24.527722541926302","0","165.223"
2015,"68.80733333333336","519.042344473851","0","7266.979","1.8041032863849773","6.218791536024253","0","64.372","50.34432394366195","194.73057256904755","0.007","2285.676","6.943557692307689","50.888194560426726","0","721.995","6.600978260869567","24.503007486600612","0","165.219"
2016,"67.2245305164319","505.1879359454234","0","7071.404","1.7570281690140848","6.015093512279497","0","55.139","50.85150234741784","196.80415445433823","0.007","2299.961","7.128177884615386","52.39712308446515","0","743.044","6.532586956521741","24.83343058824454","0","167.928"
2017,"68.00038028169017","511.3584899299924","0","7163.318","1.8191690140845063","6.442067574286759","0","59.486","51.60236619718311","200.17028961040737","0.007","2315.177","7.23208653846153","53.41176497940034","0","758.185","6.582869565217391","25.08705287824662","0","169.733"
2018,"69.10600469483569","522.4243036502227","0","7316.4","1.9121408450704218","7.244089905263516","0","72.066","51.66135680751174","204.8830156287637","0.011","2366.168","7.526788461538457","55.56478211399124","0","786.745","6.590130434782606","25.305361655505777","0","171.539"
2019,"68.91256338028171","534.1567365064922","0","7523.17","2.044253521126761","8.406983882550366","0","88.437","52.166798122065714","206.9864758827266","0","2360.999","7.767120192307693","58.34864389119945","0","826.876","6.635065217391303","26.13046557258589","0","177.257"
2020,"66.75971830985915","541.2427943417044","0","7679.546","1.8709812206572773","7.222284032157356","0","67.749","47.131460093896735","186.33930803933924","0.007","2047.544","7.850346153846153","60.30240618576209","0","858.233","6.414086956521737","25.304011673009985","0","171.539"
2021,"70.31328169014087","564.9609879752055","0","7979.436","1.8940469483568074","7.2373199855510855","0","63.294","49.786962441314536","198.35947357920975","0.008","2239.014","8.135668269230766","60.17107496733938","0","851.974","6.550891304347825","25.302695408661073","0","171.539"
2022,"71.42542723004695","583.6911454223327","0","8250.736","1.8659718309859152","7.215824564812131","0","63.294","50.828178403755864","196.65354289123692","0.008","2249.519","7.75503381642512","54.4765640851024","0","763.365","6.547782608695652","25.30327447313493","0","171.539"
